<?xml version="1.0" encoding="UTF-8"?>
<project-private xmlns="http://www.netbeans.org/ns/project-private/1">
    <editor-bookmarks xmlns="http://www.netbeans.org/ns/editor-bookmarks/2" lastBookmarkId="0"/>
    <open-files xmlns="http://www.netbeans.org/ns/projectui-open-files/2">
        <group>
            <file>file:/C:/Users/motau/OneDrive/Documents/NetBeansProjects/PrepProInterviewReadiness/web/menu.jsp</file>
            <file>file:/C:/Users/motau/OneDrive/Documents/NetBeansProjects/PrepProInterviewReadiness/web/login.html</file>
            <file>file:/C:/Users/motau/OneDrive/Documents/NetBeansProjects/PrepProInterviewReadiness/web/index.html</file>
            <file>file:/C:/Users/motau/OneDrive/Documents/NetBeansProjects/PrepProInterviewReadiness/src/java/za/ac/tut/web/LoginServlet.java</file>
            <file>file:/C:/Users/motau/OneDrive/Documents/NetBeansProjects/PrepProInterviewReadiness/web/invalid.jsp</file>
            <file>file:/C:/Users/motau/OneDrive/Documents/NetBeansProjects/PrepProInterviewReadiness/web/signup.html</file>
            <file>file:/C:/Users/motau/OneDrive/Documents/NetBeansProjects/PrepProInterviewReadiness/src/java/za/ac/tut/web/StartSessionServlet.java</file>
        </group>
    </open-files>
</project-private>
